序號,資料查核日,縣市,行政區,場館類型,品牌/系統,場館/分店,地址,收費方式,免綁約,可用狀態,收費明確度,備註,來源網址,保留原因
1,2026-07-07,臺北市,中山區,民營單次健身房,BEING fit,松江門市,臺北市中山區松江路237號2F,免綁約；單次計費150元（部分 LINE 門市頁顯示首小時100元、之後每半小時40元，依門市公告）,是,營運中,官方明確,官方首頁標示免綁約、單次計費；部分門市頁價格與首頁不同，以門市公告為準。,https://www.beingfit.com.tw/; https://page.line.me/rpu2461f; https://page.line.me/rpu2461f,保留：有明確單次入場、分鐘計費或公立體適能小時計費；非大型合約主力品牌
2,2026-07-07,臺北市,中山區,民營計時/單次健身房,MYWAY Fitness,MYWAY Fitness,臺北市中山區復興南路一段2號B1,單次入場350元；計時：平日16:00-23:00為1.8元/分，其餘時間1.5元/分；首次入會費100元。,是,營運中,GymNomad 聚合資料，建議出發前複核,資料取自 GymNomad 場館頁/搜尋結果；實際價格、APP開通費與營業狀態仍建議出發前確認。,https://www.gymnomadtw.com/gym/mywayfitness,保留：有明確單次入場、分鐘計費或公立體適能小時計費；非大型合約主力品牌
3,2026-07-07,臺北市,中山區,民營計時/單次健身房,More Fit,松江店,臺北市中山區南京東路二段125號B1,分鐘制：1分鐘1.2點起；單次通行券：200元/次；月訂閱980元/月（免長約）,是,營運中,官方明確,官方明列雙北五間場館；古亭店為籌備中未列入主清單。,https://morefit.com.tw/tw/faq/fees; https://morefit.com.tw/,保留：有明確單次入場、分鐘計費或公立體適能小時計費；非大型合約主力品牌
4,2026-07-07,臺北市,中山區,民營單次健身房/工作室,Refine Fitness,松江南京店,台北市中山區南京東路二段97號B1F,單次入場不限時間：平日17:00前150元/次、17:00後350元/次、假日200元/次。,是,營運中,GymNomad 聚合資料，建議出發前複核,頁面說明有別於中大型健身房綁約制度；工作室型態。,https://www.gymnomadtw.com/gym/RefineFitness,保留：有明確單次入場或分鐘/小時計費；非大型合約主力品牌
5,2026-07-07,臺北市,中山區,民營單店/少量據點,STEPX FITNESS,南京店,臺北市中山區南京東路二段8號B1,單次入場250元,是,營運中,公開整理文，建議出發前複核,非逐店官方查核；已保留來源供出發前再次確認。,https://morefit.com.tw/tw/news-detail/single-entry-gym,保留：有明確單次入場、分鐘計費或公立體適能小時計費；非大型合約主力品牌
6,2026-07-07,臺北市,中山區,民營單次健身房/工作室,初力體能 Chip In Fitness,初力體能,台北市中山區北安路608巷5弄20-1號,單次入場100元。,是,營運中,GymNomad 聚合資料，建議出發前複核,頁面含早期優惠資訊，出發前建議複核；工作室型態。,https://www.gymnomadtw.com/gym/ChipInFitness,保留：有明確單次入場或分鐘/小時計費；非大型合約主力品牌
7,2026-07-07,臺北市,中山區,民營計時/單次健身房,台北運動健身中心 Taipei Fitness Gym,民生店,臺北市中山區民生東路一段29號B1,單次：每次95-150元，不限時間/次數；計時：每分鐘0.8-1.3元；免開辦費/入會費/手續費。,是,營運中,GymNomad 聚合資料，建議出發前複核,資料取自 GymNomad 場館頁/搜尋結果；實際價格、APP開通費與營業狀態仍建議出發前確認。,https://www.gymnomadtw.com/gym/Taipei-Fitness-Gym-Mingshen,保留：有明確單次入場、分鐘計費或公立體適能小時計費；非大型合約主力品牌
8,2026-07-07,臺北市,中山區,民營單次健身房,植健身 Fit Plant Gym,中山,臺北市中山區中山北路一段33巷25號,早鳥09:00-16:59單次100元；全日09:00-23:00單次150元；中山店無分鐘計時,是,營運中,官方明確,官方價格頁標示中山店單次入場方案。,https://www.fitplantgym.com/; https://www.fitplantgym.com/prices/; https://www.fitplantgym.com/faq/,保留：有明確單次入場、分鐘計費或公立體適能小時計費；非大型合約主力品牌
9,2026-07-07,臺北市,中山區,民營計時/單次健身房,給力健身 TDF Fitness,貳房,臺北市中山區林森北路381號B1,以分計費：1分鐘1.5元；首次APP開通手續費200元；月費999元可通館。,是,營運中,GymNomad 聚合資料，建議出發前複核,資料取自 GymNomad 場館頁/搜尋結果；實際價格、APP開通費與營業狀態仍建議出發前確認。,https://www.gymnomadtw.com/gym/TourdeforceFitness2,保留：有明確單次入場、分鐘計費或公立體適能小時計費；非大型合約主力品牌
10,2026-07-07,臺北市,中山區,公立運動中心,臺北市運動中心,中山運動中心,臺北市中山區中山北路二段44巷2號,體適能中心單次全票常見50元/小時；各館可能有學生/敬老/回數票，依館內公告,是,營運中,地址明確；費率依各館公告，常見50元/小時,公立體適能中心通常可單次/小時計費；未綁約。,https://zh.wikipedia.org/zh-tw/臺灣國民運動中心列表; https://data.taipei/dataset/detail?id=1562240c-4e54-467f-8a1d-a3c06833e1d5,保留：有明確單次入場、分鐘計費或公立體適能小時計費；非大型合約主力品牌
11,2026-07-07,臺北市,中正區,民營單店/少量據點,ISPORTS 愛健身俱樂部,仁愛店,臺北市中正區仁愛路一段38號1樓,單次入場150元,是,營運中,公開整理文，建議出發前複核,非逐店官方查核；已保留來源供出發前再次確認。,https://morefit.com.tw/tw/news-detail/single-entry-gym,保留：有明確單次入場、分鐘計費或公立體適能小時計費；非大型合約主力品牌
12,2026-07-07,臺北市,中正區,公立運動中心,臺北市運動中心,中正運動中心,臺北市中正區信義路一段1號,體適能中心單次全票常見50元/小時；各館可能有學生/敬老/回數票，依館內公告,是,營運中,地址明確；費率依各館公告，常見50元/小時,公立體適能中心通常可單次/小時計費；未綁約。,https://zh.wikipedia.org/zh-tw/臺灣國民運動中心列表; https://data.taipei/dataset/detail?id=1562240c-4e54-467f-8a1d-a3c06833e1d5,保留：有明確單次入場、分鐘計費或公立體適能小時計費；非大型合約主力品牌
13,2026-07-07,臺北市,信義區,民營計時/單次健身房,More Fit,市府店,臺北市信義區基隆路一段139號B1,分鐘制：1分鐘1.2點起；單次通行券：200元/次；月訂閱980元/月（免長約）,是,營運中,官方明確,官方明列雙北五間場館；古亭店為籌備中未列入主清單。,https://morefit.com.tw/tw/faq/fees; https://morefit.com.tw/,保留：有明確單次入場、分鐘計費或公立體適能小時計費；非大型合約主力品牌
14,2026-07-07,臺北市,信義區,公立運動中心,臺北市運動中心,信義運動中心,臺北市信義區松勤街100號,體適能中心單次全票常見50元/小時；各館可能有學生/敬老/回數票，依館內公告,是,營運中,地址明確；費率依各館公告，常見50元/小時,公立體適能中心通常可單次/小時計費；未綁約。,https://zh.wikipedia.org/zh-tw/臺灣國民運動中心列表; https://data.taipei/dataset/detail?id=1562240c-4e54-467f-8a1d-a3c06833e1d5,保留：有明確單次入場、分鐘計費或公立體適能小時計費；非大型合約主力品牌
15,2026-07-07,臺北市,信義區,民營單店/少量據點,超核心 Hypercore,信義松仁館,臺北市信義區松仁路89號B1,單次入場300元,是,營運中,公開整理文，建議出發前複核,非逐店官方查核；已保留來源供出發前再次確認。,https://morefit.com.tw/tw/news-detail/single-entry-gym,保留：有明確單次入場、分鐘計費或公立體適能小時計費；非大型合約主力品牌
16,2026-07-07,臺北市,信義區,民營單店/少量據點,體育客 1ST Fitness,和平店,臺北市信義區和平東路三段333號B1,每分鐘1.3元,是,營運中,公開整理文，建議出發前複核,非逐店官方查核；已保留來源供出發前再次確認。,https://morefit.com.tw/tw/news-detail/single-entry-gym,保留：有明確單次入場、分鐘計費或公立體適能小時計費；非大型合約主力品牌
17,2026-07-07,臺北市,信義區,民營計時/單次健身房,體育客 1ST Fitness,和平店,臺北市信義區和平東路三段333號,以分計費：1分鐘1.3元；儲值500元送100元。,是,營運中,GymNomad 聚合資料，建議出發前複核,資料取自 GymNomad 場館頁/搜尋結果；實際價格、APP開通費與營業狀態仍建議出發前確認。,https://www.gymnomadtw.com/gym/1STFitness-heping,保留：有明確單次入場、分鐘計費或公立體適能小時計費；非大型合約主力品牌
18,2026-07-07,臺北市,內湖區,民營計時/單次健身房,練一下 GymCube,文德店,台北市內湖區文德路108號B1,單次入場不限時間200元；以分計費：離峰1.2元/分鐘、尖峰1.5元/分鐘（平日18:00-22:00），單次最高收取180元。,是,營運中,GymNomad 聚合資料，建議出發前複核,非大型連鎖；同品牌成功店已在舊版資料中。,https://www.gymnomadtw.com/gym/GymCube-wende,保留：有明確單次入場或分鐘/小時計費；非大型合約主力品牌
19,2026-07-07,臺北市,內湖區,民營單店/少量據點,練一下 Gymcube,內湖店,臺北市內湖區成功路三段145號B1,單次入場200元；分鐘制分店方案略有差異,是,營運中,公開整理文，建議出發前複核,非逐店官方查核；已保留來源供出發前再次確認。,https://morefit.com.tw/tw/news-detail/single-entry-gym,保留：有明確單次入場、分鐘計費或公立體適能小時計費；非大型合約主力品牌
20,2026-07-07,臺北市,內湖區,公立運動中心,臺北市運動中心,內湖運動中心,臺北市內湖區洲子街12號,體適能中心單次全票常見50元/小時；各館可能有學生/敬老/回數票，依館內公告,是,營運中,地址明確；費率依各館公告，常見50元/小時,公立體適能中心通常可單次/小時計費；未綁約。,https://zh.wikipedia.org/zh-tw/臺灣國民運動中心列表; https://data.taipei/dataset/detail?id=1562240c-4e54-467f-8a1d-a3c06833e1d5,保留：有明確單次入場、分鐘計費或公立體適能小時計費；非大型合約主力品牌
21,2026-07-07,臺北市,北投區,公立運動中心,臺北市運動中心,北投運動中心,臺北市北投區石牌路一段39巷100號,體適能中心單次全票常見50元/小時；各館可能有學生/敬老/回數票，依館內公告,是,營運中,地址明確；費率依各館公告，常見50元/小時,公立體適能中心通常可單次/小時計費；未綁約。,https://zh.wikipedia.org/zh-tw/臺灣國民運動中心列表; https://data.taipei/dataset/detail?id=1562240c-4e54-467f-8a1d-a3c06833e1d5,保留：有明確單次入場、分鐘計費或公立體適能小時計費；非大型合約主力品牌
22,2026-07-07,臺北市,南港區,公立運動中心,臺北市運動中心,南港運動中心,臺北市南港區玉成街69號,體適能中心單次全票常見50元/小時；各館可能有學生/敬老/回數票，依館內公告,是,營運中,地址明確；費率依各館公告，常見50元/小時,公立體適能中心通常可單次/小時計費；未綁約。,https://zh.wikipedia.org/zh-tw/臺灣國民運動中心列表; https://data.taipei/dataset/detail?id=1562240c-4e54-467f-8a1d-a3c06833e1d5,保留：有明確單次入場、分鐘計費或公立體適能小時計費；非大型合約主力品牌
23,2026-07-07,臺北市,士林區,公立運動中心,臺北市運動中心,士林運動中心,臺北市士林區士商路1號,體適能中心單次全票常見50元/小時；各館可能有學生/敬老/回數票，依館內公告,是,營運中,地址明確；費率依各館公告，常見50元/小時,公立體適能中心通常可單次/小時計費；未綁約。,https://zh.wikipedia.org/zh-tw/臺灣國民運動中心列表; https://data.taipei/dataset/detail?id=1562240c-4e54-467f-8a1d-a3c06833e1d5,保留：有明確單次入場、分鐘計費或公立體適能小時計費；非大型合約主力品牌
24,2026-07-07,臺北市,大同區,民營計時/單次健身房,給力健身 TDF Fitness,參房,臺北市大同區南京西路76號B1,以分計費：1分鐘1.5元；首次APP開通手續費200元；月費999元可通館。,是,營運中,GymNomad 聚合資料，建議出發前複核,參房地址依給力健身 GymNomad 文字說明整理；該頁部分欄位疑似沿用貳房，建議出發前複核。,https://www.gymnomadtw.com/gym/TourdeforceFitness3,保留：有明確單次入場、分鐘計費或公立體適能小時計費；非大型合約主力品牌
25,2026-07-07,臺北市,大同區,民營計時/單次健身房,自由重量健身俱樂部 FW Fitness,北門館,臺北市大同區鄭州路119號B1,單次入場300元；以分計費：1分鐘1點；加值100元=80點、500元=450點、1000元=1100點。,是,營運中,GymNomad 聚合資料，建議出發前複核,資料取自 GymNomad 場館頁/搜尋結果；實際價格、APP開通費與營業狀態仍建議出發前確認。,https://www.gymnomadtw.com/gym/FWFitness-taipei,保留：有明確單次入場、分鐘計費或公立體適能小時計費；非大型合約主力品牌
26,2026-07-07,臺北市,大同區,公立運動中心,臺北市運動中心,大同運動中心,臺北市大同區大龍街51號,體適能中心單次全票常見50元/小時；各館可能有學生/敬老/回數票，依館內公告,是,營運中,地址明確；費率依各館公告，常見50元/小時,公立體適能中心通常可單次/小時計費；未綁約。,https://zh.wikipedia.org/zh-tw/臺灣國民運動中心列表; https://data.taipei/dataset/detail?id=1562240c-4e54-467f-8a1d-a3c06833e1d5,保留：有明確單次入場、分鐘計費或公立體適能小時計費；非大型合約主力品牌
27,2026-07-07,臺北市,大安區,民營計時/單次健身房,Enjoy Fit 享練,享練,台北市大安區和平東路一段91號B1,單次入場150元/天，當日不限時間與次數；以分計費：離峰1.1元/分鐘、尖峰1.3元/分鐘（平日17:00-21:00）；最低儲值100元。,是,營運中,GymNomad 聚合資料，建議出發前複核,非大型連鎖；同頁另有999元/30天月費，但可單次或分鐘計費。,https://www.gymnomadtw.com/gym/EnjoyFit,保留：有明確單次入場或分鐘/小時計費；非大型合約主力品牌
28,2026-07-07,臺北市,大安區,民營計時/單次健身房,Evolution Fitness,進化論,"臺北市大安區復興南路一段380號B1,B2",單次入場：150元一日通行券，單日無限次數入場；App線上購買。,是,營運中,GymNomad 聚合資料，建議出發前複核,資料取自 GymNomad 場館頁/搜尋結果；實際價格、APP開通費與營業狀態仍建議出發前確認。,https://www.gymnomadtw.com/gym/EvolutionFitness,保留：有明確單次入場、分鐘計費或公立體適能小時計費；非大型合約主力品牌
29,2026-07-07,臺北市,大安區,民營單店/少量據點,健身星球,光復星球,臺北市大安區光復南路549號1F,分鐘制/單次制；公開整理文未列精確價格,是,營運中,公開整理文，建議出發前複核,非逐店官方查核；已保留來源供出發前再次確認。,https://morefit.com.tw/tw/news-detail/single-entry-gym,保留：有明確單次入場、分鐘計費或公立體適能小時計費；非大型合約主力品牌
30,2026-07-07,臺北市,大安區,民營單店/少量據點,健身魂 Soulfit,大安店,臺北市大安區信義路三段109號B1,悠遊卡付費每分鐘1.3元,是,營運中,公開整理文，建議出發前複核,非逐店官方查核；已保留來源供出發前再次確認。,https://morefit.com.tw/tw/news-detail/single-entry-gym,保留：有明確單次入場、分鐘計費或公立體適能小時計費；非大型合約主力品牌
31,2026-07-07,臺北市,大安區,民營單次健身房/工作室,安心練工作室,安心練工作室,台北市大安區信義路二段186號6樓,單次入場300元，不限時間，沒有其他費用。,是,營運中,GymNomad 聚合資料，建議出發前複核,工作室型態；可單次入場。,https://www.gymnomadtw.com/gym/ACTrainingStudio,保留：有明確單次入場或分鐘/小時計費；非大型合約主力品牌
32,2026-07-07,臺北市,大安區,民營計時/單次健身房,植健身 Fit Plant Gym,敦南,臺北市大安區敦化南路二段59號B1,單次全日200元；分鐘計時尖峰2.0元/分鐘、離峰1.5元/分鐘；尖峰週一至週五11:00-14:00、17:00-22:00,是,營運中,官方明確,官方 FAQ 標示敦南另有分鐘計時入場方案。,https://www.fitplantgym.com/; https://www.fitplantgym.com/prices/; https://www.fitplantgym.com/faq/,保留：有明確單次入場、分鐘計費或公立體適能小時計費；非大型合約主力品牌
33,2026-07-07,臺北市,大安區,公立運動中心,臺北市運動中心,大安運動中心,臺北市大安區辛亥路三段55號,體適能中心單次全票常見50元/小時；各館可能有學生/敬老/回數票，依館內公告,是,營運中,地址明確；費率依各館公告，常見50元/小時,公立體適能中心通常可單次/小時計費；未綁約。,https://zh.wikipedia.org/zh-tw/臺灣國民運動中心列表; https://data.taipei/dataset/detail?id=1562240c-4e54-467f-8a1d-a3c06833e1d5,保留：有明確單次入場、分鐘計費或公立體適能小時計費；非大型合約主力品牌
34,2026-07-07,臺北市,文山區,民營計時/單次健身房,More Fit,萬芳店,臺北市文山區興隆路三段71號B1,分鐘制：1分鐘1.2點起；單次通行券：200元/次；月訂閱980元/月（免長約）,是,營運中,官方明確,官方明列雙北五間場館；古亭店為籌備中未列入主清單。,https://morefit.com.tw/tw/faq/fees; https://morefit.com.tw/,保留：有明確單次入場、分鐘計費或公立體適能小時計費；非大型合約主力品牌
35,2026-07-07,臺北市,文山區,公立運動中心,臺北市運動中心,文山運動中心,臺北市文山區興隆路三段222號,體適能中心單次全票常見50元/小時；各館可能有學生/敬老/回數票，依館內公告,是,營運中,地址明確；費率依各館公告，常見50元/小時,公立體適能中心通常可單次/小時計費；未綁約。,https://zh.wikipedia.org/zh-tw/臺灣國民運動中心列表; https://data.taipei/dataset/detail?id=1562240c-4e54-467f-8a1d-a3c06833e1d5,保留：有明確單次入場、分鐘計費或公立體適能小時計費；非大型合約主力品牌
36,2026-07-07,臺北市,松山區,民營計時/單次健身房,SelfRoom Workoutplace,SelfRoom Workoutplace,臺北市松山區市民大道六段131號,單次/計時：1分鐘2元；最低儲值100元起；儲1000元贈500點數。,是,營運中,GymNomad 聚合資料，建議出發前複核,資料取自 GymNomad 場館頁/搜尋結果；實際價格、APP開通費與營業狀態仍建議出發前確認。,https://www.gymnomadtw.com/gym/srwp,保留：有明確單次入場、分鐘計費或公立體適能小時計費；非大型合約主力品牌
37,2026-07-07,臺北市,松山區,民營計時/單次健身房,給力健身 TDF Fitness,大房,臺北市松山區民生東路三段128號B1,以分計費：1分鐘1.5元；首次APP開通手續費200元；月費999元可通館。,是,營運中,GymNomad 聚合資料，建議出發前複核,資料取自 GymNomad 場館頁/搜尋結果；實際價格、APP開通費與營業狀態仍建議出發前確認。,https://www.gymnomadtw.com/gym/TourdeforceFitness,保留：有明確單次入場、分鐘計費或公立體適能小時計費；非大型合約主力品牌
38,2026-07-07,臺北市,松山區,公立運動中心,臺北市運動中心,松山運動中心,臺北市松山區敦化北路1號,體適能中心單次全票常見50元/小時；各館可能有學生/敬老/回數票，依館內公告,是,營運中,地址明確；費率依各館公告，常見50元/小時,公立體適能中心通常可單次/小時計費；未綁約。,https://zh.wikipedia.org/zh-tw/臺灣國民運動中心列表; https://data.taipei/dataset/detail?id=1562240c-4e54-467f-8a1d-a3c06833e1d5,保留：有明確單次入場、分鐘計費或公立體適能小時計費；非大型合約主力品牌
39,2026-07-07,臺北市,松山區,民營單次健身房,阿基里斯,阿基里斯,台北市松山區民生東路四段45號,單次入場60元/60分鐘、90元/90分鐘；另有月費方案。,是,營運中,GymNomad 聚合資料，建議出發前複核,非大型連鎖；有小時計費。,https://www.gymnomadtw.com/gym/achilles,保留：有明確單次入場或分鐘/小時計費；非大型合約主力品牌
40,2026-07-07,臺北市,萬華區,公立運動中心,臺北市運動中心,萬華運動中心,臺北市萬華區西寧南路6-1號,體適能中心單次全票常見50元/小時；各館可能有學生/敬老/回數票，依館內公告,是,營運中,地址明確；費率依各館公告，常見50元/小時,公立體適能中心通常可單次/小時計費；未綁約。,https://zh.wikipedia.org/zh-tw/臺灣國民運動中心列表; https://data.taipei/dataset/detail?id=1562240c-4e54-467f-8a1d-a3c06833e1d5,保留：有明確單次入場、分鐘計費或公立體適能小時計費；非大型合約主力品牌
41,2026-07-07,新北市,三峽區,公立國民運動中心,新北市國民運動中心,三峽國民運動中心,新北市三峽區文化路210巷12號,體適能中心單次全票常見50元/小時；學生票常見40元/小時；敬老票常見25元/小時；依各館公告,是,營運中,官方多館費率明確；個別館別依公告,新北多館官方頁顯示體適能中心全票50元/小時；其餘館別出發前複核。,https://zh.wikipedia.org/zh-tw/臺灣國民運動中心列表; https://www.t-sports.ntpc.gov.tw/; https://www.bqsports.com.tw/zh_TW/stadiums/node/1573717144001,保留：有明確單次入場、分鐘計費或公立體適能小時計費；非大型合約主力品牌
42,2026-07-07,新北市,三重區,公立國民運動中心,新北市國民運動中心,三重國民運動中心,新北市三重區集美街55號,體適能中心單次全票常見50元/小時；學生票常見40元/小時；敬老票常見25元/小時；依各館公告,是,營運中,官方多館費率明確；個別館別依公告,新北多館官方頁顯示體適能中心全票50元/小時；其餘館別出發前複核。,https://zh.wikipedia.org/zh-tw/臺灣國民運動中心列表; https://www.t-sports.ntpc.gov.tw/; https://www.bqsports.com.tw/zh_TW/stadiums/node/1573717144001,保留：有明確單次入場、分鐘計費或公立體適能小時計費；非大型合約主力品牌
43,2026-07-07,新北市,中和區,民營計時/單次健身房,Fitopia,團練,新北市中和區景平路690號,以分計費：1分鐘1元；月費999元。,是,營運中,GymNomad 聚合資料，建議出發前複核,資料取自 GymNomad 場館頁/搜尋結果；實際價格、APP開通費與營業狀態仍建議出發前確認。,https://www.gymnomadtw.com/gym/Fitopia,保留：有明確單次入場、分鐘計費或公立體適能小時計費；非大型合約主力品牌
44,2026-07-07,新北市,中和區,民營計時/單次健身房,城市健身 CityFitness,中和景安店,新北市中和區復興路268號2樓,單次入場200元；以分計費1分鐘1元，進場基本費20點；首儲300元（點數200點+開辦費100元）或首儲500元（無開辦費）。,是,營運中,館方提供/GymNomad，建議出發前複核,館方提供，最後更新2026.01.22；非大型連鎖。,https://www.gymnomadtw.com/gym/cityfitness-zhonghe-jingan,保留：有明確單次入場或分鐘/小時計費；非大型合約主力品牌
45,2026-07-07,新北市,中和區,公立國民運動中心,新北市國民運動中心,中和國民運動中心,新北市中和區錦和路350-2號,體適能中心單次全票常見50元/小時；學生票常見40元/小時；敬老票常見25元/小時；依各館公告,是,營運中,官方多館費率明確；個別館別依公告,新北多館官方頁顯示體適能中心全票50元/小時；其餘館別出發前複核。,https://zh.wikipedia.org/zh-tw/臺灣國民運動中心列表; https://www.t-sports.ntpc.gov.tw/; https://www.bqsports.com.tw/zh_TW/stadiums/node/1573717144001,保留：有明確單次入場、分鐘計費或公立體適能小時計費；非大型合約主力品牌
46,2026-07-07,新北市,中和區,民營計時/單次健身房,超核心 Hypercore,中和中山館,新北市中和區中山路二段122號B1,單次入場200元；單次入場+InBody 300元。,是,營運中,GymNomad 聚合資料，建議出發前複核,資料取自 GymNomad 場館頁/搜尋結果；實際價格、APP開通費與營業狀態仍建議出發前確認。,https://www.gymnomadtw.com/gym/HypercoreFitnessZhonghe,保留：有明確單次入場、分鐘計費或公立體適能小時計費；非大型合約主力品牌
47,2026-07-07,新北市,五股區,公立國民運動中心,新北市國民運動中心,五股國民運動中心,新北市五股區成泰路三段296號,體適能中心單次全票常見50元/小時；學生票常見40元/小時；敬老票常見25元/小時；依各館公告,是,營運中,官方多館費率明確；個別館別依公告,新北多館官方頁顯示體適能中心全票50元/小時；其餘館別出發前複核。,https://zh.wikipedia.org/zh-tw/臺灣國民運動中心列表; https://www.t-sports.ntpc.gov.tw/; https://www.bqsports.com.tw/zh_TW/stadiums/node/1573717144001,保留：有明確單次入場、分鐘計費或公立體適能小時計費；非大型合約主力品牌
48,2026-07-07,新北市,土城區,民營計時/單次健身房,New Power GYM,新力量健身俱樂部,新北市土城區立德路135巷2-3號B1,單次/計時：1分鐘1元；首次需300元製卡費；儲值1000贈100、3000贈300、5000贈800。,是,營運中,GymNomad 聚合資料，建議出發前複核,資料取自 GymNomad 場館頁/搜尋結果；實際價格、APP開通費與營業狀態仍建議出發前確認。,https://www.gymnomadtw.com/gym/NewPowerGYM,保留：有明確單次入場、分鐘計費或公立體適能小時計費；非大型合約主力品牌
49,2026-07-07,新北市,土城區,公立國民運動中心,新北市國民運動中心,土城國民運動中心,新北市土城區金城路二段247-1號,體適能中心單次全票常見50元/小時；學生票常見40元/小時；敬老票常見25元/小時；依各館公告,是,營運中,官方多館費率明確；個別館別依公告,新北多館官方頁顯示體適能中心全票50元/小時；其餘館別出發前複核。,https://zh.wikipedia.org/zh-tw/臺灣國民運動中心列表; https://www.t-sports.ntpc.gov.tw/; https://www.bqsports.com.tw/zh_TW/stadiums/node/1573717144001,保留：有明確單次入場、分鐘計費或公立體適能小時計費；非大型合約主力品牌
50,2026-07-07,新北市,新店區,民營計時/單次健身房,More Fit,七張店,新北市新店區北新路二段128號4F,分鐘制：1分鐘1.2點起；單次通行券：200元/次；月訂閱980元/月（免長約）,是,營運中,官方明確,官方明列雙北五間場館；古亭店為籌備中未列入主清單。,https://morefit.com.tw/tw/faq/fees; https://morefit.com.tw/,保留：有明確單次入場、分鐘計費或公立體適能小時計費；非大型合約主力品牌
51,2026-07-07,新北市,新店區,公立國民運動中心,新北市國民運動中心,新店國民運動中心,新北市新店區北新路一段88巷12號,體適能中心單次全票常見50元/小時；學生票常見40元/小時；敬老票常見25元/小時；依各館公告,是,營運中,官方多館費率明確；個別館別依公告,新北多館官方頁顯示體適能中心全票50元/小時；其餘館別出發前複核。,https://zh.wikipedia.org/zh-tw/臺灣國民運動中心列表; https://www.t-sports.ntpc.gov.tw/; https://www.bqsports.com.tw/zh_TW/stadiums/node/1573717144001,保留：有明確單次入場、分鐘計費或公立體適能小時計費；非大型合約主力品牌
52,2026-07-07,新北市,新莊區,民營計時/單次健身房,Go走吧運動,主館,新北市新莊區裕民街128號B1,以分計費：1分鐘1元；首次需付入會費100元；月費1000元。,是,營運中,GymNomad 聚合資料，建議出發前複核,資料取自 GymNomad 場館頁/搜尋結果；實際價格、APP開通費與營業狀態仍建議出發前確認。,https://www.gymnomadtw.com/gym/98gym,保留：有明確單次入場、分鐘計費或公立體適能小時計費；非大型合約主力品牌
53,2026-07-07,新北市,新莊區,民營計時/單次健身房,Go走吧運動,新莊二館,新北市新莊區中正路347巷10號B1,以分計費：1分鐘1元；首次需付入會費100元；月費1000元。,是,營運中,GymNomad 聚合資料，建議出發前複核,資料取自 GymNomad 場館頁/搜尋結果；實際價格、APP開通費與營業狀態仍建議出發前確認。,https://www.gymnomadtw.com/gym/gogym982,保留：有明確單次入場、分鐘計費或公立體適能小時計費；非大型合約主力品牌
54,2026-07-07,新北市,新莊區,公立國民運動中心,新北市國民運動中心,新莊國民運動中心,新北市新莊區公園路11號,體適能中心單次全票常見50元/小時；學生票常見40元/小時；敬老票常見25元/小時；依各館公告,是,營運中,官方多館費率明確；個別館別依公告,新北多館官方頁顯示體適能中心全票50元/小時；其餘館別出發前複核。,https://zh.wikipedia.org/zh-tw/臺灣國民運動中心列表; https://www.t-sports.ntpc.gov.tw/; https://www.bqsports.com.tw/zh_TW/stadiums/node/1573717144001,保留：有明確單次入場、分鐘計費或公立體適能小時計費；非大型合約主力品牌
55,2026-07-07,新北市,新莊區,民營計時/單次健身房,體育客 1ST Fitness,輔大店,新北市新莊區後港一路179號,以分計費：1分鐘1.3元；儲值500元送100元。,是,營運中,GymNomad 聚合資料，建議出發前複核,資料取自 GymNomad 場館頁/搜尋結果；實際價格、APP開通費與營業狀態仍建議出發前確認。,https://www.gymnomadtw.com/gym/1STFitness-FJCU,保留：有明確單次入場、分鐘計費或公立體適能小時計費；非大型合約主力品牌
56,2026-07-07,新北市,板橋區,民營計時/單次健身房,77健身俱樂部,77健身俱樂部,新北市板橋區四川路二段123號B1,單次入場100元不限時間；以分計費1分鐘1元，最低儲值1000元（一年內用完）；月費999元。,是,營運中,GymNomad 聚合資料，建議出發前複核,頁面標示會員與以分計費，沒有入會費、手續費。,https://www.gymnomadtw.com/gym/Double7Fitness,保留：有明確單次入場或分鐘/小時計費；非大型合約主力品牌
57,2026-07-07,新北市,板橋區,民營計時/單次健身房,More Fit,江翠店,新北市板橋區雙十路三段31號3F,分鐘制：1分鐘1.2點起；單次通行券：200元/次；月訂閱980元/月（免長約）,是,營運中,官方明確,官方明列雙北五間場館；古亭店為籌備中未列入主清單。,https://morefit.com.tw/tw/faq/fees; https://morefit.com.tw/,保留：有明確單次入場、分鐘計費或公立體適能小時計費；非大型合約主力品牌
58,2026-07-07,新北市,板橋區,公立國民運動中心,新北市國民運動中心,板橋國民運動中心,新北市板橋區智樂路6號,體適能中心單次全票常見50元/小時；學生票常見40元/小時；敬老票常見25元/小時；依各館公告,是,營運中,官方多館費率明確；個別館別依公告,新北多館官方頁顯示體適能中心全票50元/小時；其餘館別出發前複核。,https://zh.wikipedia.org/zh-tw/臺灣國民運動中心列表; https://www.t-sports.ntpc.gov.tw/; https://www.bqsports.com.tw/zh_TW/stadiums/node/1573717144001,保留：有明確單次入場、分鐘計費或公立體適能小時計費；非大型合約主力品牌
59,2026-07-07,新北市,林口區,公立國民運動中心,新北市國民運動中心,林口國民運動中心,新北市林口區文化二路二段299號,體適能中心單次全票常見50元/小時；學生票常見40元/小時；敬老票常見25元/小時；依各館公告,是,營運中,官方多館費率明確；個別館別依公告,新北多館官方頁顯示體適能中心全票50元/小時；其餘館別出發前複核。,https://zh.wikipedia.org/zh-tw/臺灣國民運動中心列表; https://www.t-sports.ntpc.gov.tw/; https://www.bqsports.com.tw/zh_TW/stadiums/node/1573717144001,保留：有明確單次入場、分鐘計費或公立體適能小時計費；非大型合約主力品牌
60,2026-07-07,新北市,樹林區,公立國民運動中心,新北市國民運動中心,樹林國民運動中心,新北市樹林區中正路188-6號,體適能中心單次全票常見50元/小時；學生票常見40元/小時；敬老票常見25元/小時；依各館公告,是,營運中,官方多館費率明確；個別館別依公告,新北多館官方頁顯示體適能中心全票50元/小時；其餘館別出發前複核。,https://zh.wikipedia.org/zh-tw/臺灣國民運動中心列表; https://www.t-sports.ntpc.gov.tw/; https://www.bqsports.com.tw/zh_TW/stadiums/node/1573717144001,保留：有明確單次入場、分鐘計費或公立體適能小時計費；非大型合約主力品牌
61,2026-07-07,新北市,永和區,民營單店/少量據點,三健客 3Musclers,永和店,新北市永和區民權路80號2樓,單次入場150元或每分鐘1.2元,是,營運中,公開整理文，建議出發前複核,非逐店官方查核；已保留來源供出發前再次確認。,https://morefit.com.tw/tw/news-detail/single-entry-gym,保留：有明確單次入場、分鐘計費或公立體適能小時計費；非大型合約主力品牌
62,2026-07-07,新北市,永和區,民營單店/少量據點,怪獸運動中心,永和店,新北市永和區中和路339號,每分鐘1元,是,營運中,公開整理文，建議出發前複核,非逐店官方查核；已保留來源供出發前再次確認。,https://morefit.com.tw/tw/news-detail/single-entry-gym,保留：有明確單次入場、分鐘計費或公立體適能小時計費；非大型合約主力品牌
63,2026-07-07,新北市,永和區,公立國民運動中心,新北市國民運動中心,永和國民運動中心,新北市永和區永利路250號,體適能中心單次全票常見50元/小時；學生票常見40元/小時；敬老票常見25元/小時；依各館公告,是,營運中,官方多館費率明確；個別館別依公告,新北多館官方頁顯示體適能中心全票50元/小時；其餘館別出發前複核。,https://zh.wikipedia.org/zh-tw/臺灣國民運動中心列表; https://www.t-sports.ntpc.gov.tw/; https://www.bqsports.com.tw/zh_TW/stadiums/node/1573717144001,保留：有明確單次入場、分鐘計費或公立體適能小時計費；非大型合約主力品牌
64,2026-07-07,新北市,永和區,民營單店/少量據點,麥克叔叔 Fitness,永和店,新北市永和區中正路316號B1,每分鐘1.2元,是,營運中,公開整理文，建議出發前複核,非逐店官方查核；已保留來源供出發前再次確認。,https://morefit.com.tw/tw/news-detail/single-entry-gym,保留：有明確單次入場、分鐘計費或公立體適能小時計費；非大型合約主力品牌
65,2026-07-07,新北市,汐止區,民營計時/單次健身房,HOWKIND Fitness 好客健身房,汐止,新北市汐止區新台五路一段208號B1,單次入場300元不限時間；以分計費1分鐘1元；首次會員開辦費200元。,是,營運中,館方提供/GymNomad，建議出發前複核,資訊由館方提供，最後更新2025.10.24；同頁另有不綁約訂閱制。,https://www.gymnomadtw.com/gym/howkind,保留：有明確單次入場或分鐘/小時計費；非大型合約主力品牌
66,2026-07-07,新北市,汐止區,公立國民運動中心,新北市國民運動中心,汐止國民運動中心,新北市汐止區汐科路321號,體適能中心單次全票常見50元/小時；學生票常見40元/小時；敬老票常見25元/小時；依各館公告,是,營運中,官方多館費率明確；個別館別依公告,新北多館官方頁顯示體適能中心全票50元/小時；其餘館別出發前複核。,https://zh.wikipedia.org/zh-tw/臺灣國民運動中心列表; https://www.t-sports.ntpc.gov.tw/; https://www.bqsports.com.tw/zh_TW/stadiums/node/1573717144001,保留：有明確單次入場、分鐘計費或公立體適能小時計費；非大型合約主力品牌
67,2026-07-07,新北市,泰山區,公立國民運動中心,新北市國民運動中心,泰山國民運動中心,新北市泰山區全興路167號,體適能中心單次全票常見50元/小時；學生票常見40元/小時；敬老票常見25元/小時；依各館公告,是,營運中,官方多館費率明確；個別館別依公告,新北多館官方頁顯示體適能中心全票50元/小時；其餘館別出發前複核。,https://zh.wikipedia.org/zh-tw/臺灣國民運動中心列表; https://www.t-sports.ntpc.gov.tw/; https://www.bqsports.com.tw/zh_TW/stadiums/node/1573717144001,保留：有明確單次入場、分鐘計費或公立體適能小時計費；非大型合約主力品牌
68,2026-07-07,新北市,淡水區,公立國民運動中心,新北市國民運動中心,淡水國民運動中心,新北市淡水區中山北路二段381巷2號,體適能中心單次全票常見50元/小時；學生票常見40元/小時；敬老票常見25元/小時；依各館公告,是,營運中,官方多館費率明確；個別館別依公告,新北多館官方頁顯示體適能中心全票50元/小時；其餘館別出發前複核。,https://zh.wikipedia.org/zh-tw/臺灣國民運動中心列表; https://www.t-sports.ntpc.gov.tw/; https://www.bqsports.com.tw/zh_TW/stadiums/node/1573717144001,保留：有明確單次入場、分鐘計費或公立體適能小時計費；非大型合約主力品牌
69,2026-07-07,新北市,蘆洲區,民營單次健身房,動一下 Gravity Gym,蘆洲中原路,新北市蘆洲區中原路5巷9號一樓,單次入場：一小時50元；月費888元。,是,營運中,GymNomad 聚合資料，建議出發前複核,頁面標示無綁約/小時收費50元。,https://www.gymnomadtw.com/gym/gravitygymluzhou2,保留：有明確單次入場或分鐘/小時計費；非大型合約主力品牌
70,2026-07-07,新北市,蘆洲區,公立國民運動中心,新北市國民運動中心,蘆洲國民運動中心,新北市蘆洲區長樂路235-1號,體適能中心單次全票常見50元/小時；學生票常見40元/小時；敬老票常見25元/小時；依各館公告,是,營運中,官方多館費率明確；個別館別依公告,新北多館官方頁顯示體適能中心全票50元/小時；其餘館別出發前複核。,https://zh.wikipedia.org/zh-tw/臺灣國民運動中心列表; https://www.t-sports.ntpc.gov.tw/; https://www.bqsports.com.tw/zh_TW/stadiums/node/1573717144001,保留：有明確單次入場、分鐘計費或公立體適能小時計費；非大型合約主力品牌
71,2026-07-07,新北市,鶯歌區,公立國民運動中心,新北市國民運動中心,鶯歌國民運動中心,新北市鶯歌區館前路250號,體適能中心單次全票常見50元/小時；學生票常見40元/小時；敬老票常見25元/小時；依各館公告,是,營運中,官方多館費率明確；個別館別依公告,新北多館官方頁顯示體適能中心全票50元/小時；其餘館別出發前複核。,https://zh.wikipedia.org/zh-tw/臺灣國民運動中心列表; https://www.t-sports.ntpc.gov.tw/; https://www.bqsports.com.tw/zh_TW/stadiums/node/1573717144001,保留：有明確單次入場、分鐘計費或公立體適能小時計費；非大型合約主力品牌
72,2026-07-07,基隆市,中山區,民營計時/單次健身房,ARES 愛力士健身中心,車站館,基隆市中山區中山一路16-1號3樓,以分計費：1分鐘1元；辦卡費100元；首次儲值1000元。,是,營運中,GymNomad 聚合資料，建議出發前複核,資料取自 GymNomad 場館頁/搜尋結果；實際價格、APP開通費與營業狀態仍建議出發前確認。,https://www.gymnomadtw.com/gym/aresfitness-station,保留：有明確單次入場、分鐘計費或公立體適能小時計費；非大型合約主力品牌
73,2026-07-07,基隆市,仁愛區,公立國民運動中心/全民運動館,各縣市公立運動中心,基隆市國民運動中心,基隆市仁愛區獅球路8-1號,體適能中心/健身房單次或小時計費；實際價格依館方公告（常見全票50元/小時）,是,營運中,地址明確；收費需各館複核,公立場館；部分館別可能有試營運、時段限制或設備維護，請出發前確認。,https://zh.wikipedia.org/zh-tw/臺灣國民運動中心列表,保留：有明確單次入場、分鐘計費或公立體適能小時計費；非大型合約主力品牌
74,2026-07-07,基隆市,仁愛區,民營計時/單次健身房,自由重量健身俱樂部 FW Fitness,基隆館,基隆市仁愛區愛三路62號B1,單次入場300元；以分計費：1分鐘1點；加值100元=80點、500元=450點、1000元=1100點。,是,營運中,GymNomad 聚合資料，建議出發前複核,資料取自 GymNomad 場館頁/搜尋結果；實際價格、APP開通費與營業狀態仍建議出發前確認。,https://www.gymnomadtw.com/gym/FWFitness-keelung,保留：有明確單次入場、分鐘計費或公立體適能小時計費；非大型合約主力品牌
75,2026-07-07,基隆市,信義區,民營計時/單次健身房,ARES 愛力士健身中心,微笑館,基隆市信義區孝東路92號,以分計費：1分鐘1元；辦卡費100元；首次儲值1000元。,是,營運中,GymNomad 聚合資料，建議出發前複核,資料取自 GymNomad 場館頁/搜尋結果；實際價格、APP開通費與營業狀態仍建議出發前確認。,https://www.gymnomadtw.com/gym/aresfitness-smile,保留：有明確單次入場、分鐘計費或公立體適能小時計費；非大型合約主力品牌
76,2026-07-07,桃園市,中壢區,公立國民運動中心,桃園市國民運動中心,中壢國民運動中心,桃園市中壢區三光路350號,體適能中心/健身房通常採單次或小時計費；實際價格依館方公告（常見全票50元/小時）,是,營運中,地址明確；收費需各館複核,列為不用綁約的公立單次/小時計費候選場館；價格以各館公告為準。,https://zh.wikipedia.org/zh-tw/臺灣國民運動中心列表,保留：有明確單次入場、分鐘計費或公立體適能小時計費；非大型合約主力品牌
77,2026-07-07,桃園市,中壢區,公立國民運動中心,桃園市國民運動中心,中大國民運動中心,桃園市中壢區中大路300號,體適能中心/健身房通常採單次或小時計費；實際價格依館方公告（常見全票50元/小時）,是,營運中,地址明確；收費需各館複核,列為不用綁約的公立單次/小時計費候選場館；價格以各館公告為準。,https://zh.wikipedia.org/zh-tw/臺灣國民運動中心列表,保留：有明確單次入場、分鐘計費或公立體適能小時計費；非大型合約主力品牌
78,2026-07-07,桃園市,八德區,公立國民運動中心,桃園市國民運動中心,八德國民運動中心,桃園市八德區廣福路230號,體適能中心/健身房通常採單次或小時計費；實際價格依館方公告（常見全票50元/小時）,是,營運中,地址明確；收費需各館複核,列為不用綁約的公立單次/小時計費候選場館；價格以各館公告為準。,https://zh.wikipedia.org/zh-tw/臺灣國民運動中心列表,保留：有明確單次入場、分鐘計費或公立體適能小時計費；非大型合約主力品牌
79,2026-07-07,桃園市,平鎮區,公立國民運動中心,桃園市國民運動中心,平鎮國民運動中心,桃園市平鎮區中庸路18號,體適能中心/健身房通常採單次或小時計費；實際價格依館方公告（常見全票50元/小時）,是,營運中,地址明確；收費需各館複核,列為不用綁約的公立單次/小時計費候選場館；價格以各館公告為準。,https://zh.wikipedia.org/zh-tw/臺灣國民運動中心列表,保留：有明確單次入場、分鐘計費或公立體適能小時計費；非大型合約主力品牌
80,2026-07-07,桃園市,桃園區,公立國民運動中心,桃園市國民運動中心,南平國民運動中心,桃園市桃園區南平路22號,體適能中心/健身房通常採單次或小時計費；實際價格依館方公告（常見全票50元/小時）,是,營運中,地址明確；收費需各館複核,列為不用綁約的公立單次/小時計費候選場館；價格以各館公告為準。,https://zh.wikipedia.org/zh-tw/臺灣國民運動中心列表,保留：有明確單次入場、分鐘計費或公立體適能小時計費；非大型合約主力品牌
81,2026-07-07,桃園市,桃園區,公立國民運動中心,桃園市國民運動中心,桃園國民運動中心,桃園市桃園區中山東路233號,體適能中心/健身房通常採單次或小時計費；實際價格依館方公告（常見全票50元/小時）,是,營運中,地址明確；收費需各館複核,列為不用綁約的公立單次/小時計費候選場館；價格以各館公告為準。,https://zh.wikipedia.org/zh-tw/臺灣國民運動中心列表,保留：有明確單次入場、分鐘計費或公立體適能小時計費；非大型合約主力品牌
82,2026-07-07,桃園市,桃園區,民營計時/單次健身房,超核心 Hypercore,桃園中正藝文館,桃園市桃園區中正路1247號B1,單次入場200元；單次入場+InBody 300元。,是,營運中,GymNomad 聚合資料，建議出發前複核,資料取自 GymNomad 場館頁/搜尋結果；實際價格、APP開通費與營業狀態仍建議出發前確認。,https://www.gymnomadtw.com/gym/HypercoreFitnessZhonghey,保留：有明確單次入場、分鐘計費或公立體適能小時計費；非大型合約主力品牌
83,2026-07-07,桃園市,蘆竹區,公立國民運動中心,桃園市國民運動中心,蘆竹國民運動中心,桃園市蘆竹區仁愛路一段49號,體適能中心/健身房通常採單次或小時計費；實際價格依館方公告（常見全票50元/小時）,是,營運中,地址明確；收費需各館複核,列為不用綁約的公立單次/小時計費候選場館；價格以各館公告為準。,https://zh.wikipedia.org/zh-tw/臺灣國民運動中心列表,保留：有明確單次入場、分鐘計費或公立體適能小時計費；非大型合約主力品牌
84,2026-07-07,桃園市,龜山區,民營計時/單次健身房,Cozy Fitness,舒適圈健身中心,桃園市龜山區文化二路52巷65號,單次入場150元；以分計費：全日1分鐘1元。,是,營運中,GymNomad 聚合資料，建議出發前複核,資料取自 GymNomad 場館頁/搜尋結果；實際價格、APP開通費與營業狀態仍建議出發前確認。,https://www.gymnomadtw.com/gym/CozyFitness,保留：有明確單次入場、分鐘計費或公立體適能小時計費；非大型合約主力品牌
85,2026-07-07,新竹市,北區,公立國民運動中心/全民運動館,各縣市公立運動中心,竹光國民運動中心,新竹市北區竹光路325號,體適能中心/健身房單次或小時計費；實際價格依館方公告（常見全票50元/小時）,是,營運中,地址明確；收費需各館複核,公立場館；部分館別可能有試營運、時段限制或設備維護，請出發前確認。,https://zh.wikipedia.org/zh-tw/臺灣國民運動中心列表,保留：有明確單次入場、分鐘計費或公立體適能小時計費；非大型合約主力品牌
86,2026-07-07,新竹市,東區,民營計時/單次健身房,BRÍO SPORT,B.Sport新竹健身房,新竹市東區食品路27號B1-2,單次入場150元；月費單月1050元、三個月900元/月。,是,營運中,GymNomad 聚合資料，建議出發前複核,資料取自 GymNomad 場館頁/搜尋結果；實際價格、APP開通費與營業狀態仍建議出發前確認。,https://www.gymnomadtw.com/gym/Bsport,保留：有明確單次入場、分鐘計費或公立體適能小時計費；非大型合約主力品牌
87,2026-07-07,新竹市,東區,民營計時/單次健身房,K gym 2.0 Studio,K gym 2.0,新竹市東區光復路一段270號B1,單次入場158元/次；以分計費：1分鐘1元。,是,營運中,GymNomad 聚合資料，建議出發前複核,資料取自 GymNomad 場館頁/搜尋結果；實際價格、APP開通費與營業狀態仍建議出發前確認。,https://www.gymnomadtw.com/gym/Kgym2.0Studio,保留：有明確單次入場、分鐘計費或公立體適能小時計費；非大型合約主力品牌
88,2026-07-07,新竹市,東區,民營計時/單次健身房,iSport Gym HsinChu,新竹市愛運動健身中心,新竹市東區公道五路二段469號4樓,單次入場140元；以分計費：1.3元/分；單月1300元。,是,營運中,GymNomad 聚合資料，建議出發前複核,資料取自 GymNomad 場館頁/搜尋結果；實際價格、APP開通費與營業狀態仍建議出發前確認。,https://www.gymnomadtw.com/gym/isportgym,保留：有明確單次入場、分鐘計費或公立體適能小時計費；非大型合約主力品牌
89,2026-07-07,新竹市,東區,公立國民運動中心/全民運動館,各縣市公立運動中心,新科國民運動中心,新竹市東區光復路一段89巷90號,體適能中心/健身房單次或小時計費；實際價格依館方公告（常見全票50元/小時）,是,營運中,地址明確；收費需各館複核,公立場館；部分館別可能有試營運、時段限制或設備維護，請出發前確認。,https://zh.wikipedia.org/zh-tw/臺灣國民運動中心列表,保留：有明確單次入場、分鐘計費或公立體適能小時計費；非大型合約主力品牌
90,2026-07-07,新竹縣,竹北市,公立國民運動中心/全民運動館,各縣市公立運動中心,竹北國民運動中心,新竹縣竹北市莊敬南路18號,體適能中心/健身房單次或小時計費；實際價格依館方公告（常見全票50元/小時）,是,營運中,地址明確；收費需各館複核,公立場館；部分館別可能有試營運、時段限制或設備維護，請出發前確認。,https://zh.wikipedia.org/zh-tw/臺灣國民運動中心列表,保留：有明確單次入場、分鐘計費或公立體適能小時計費；非大型合約主力品牌
91,2026-07-07,新竹縣,竹東鎮,公立國民運動中心/全民運動館,各縣市公立運動中心,竹東全民運動館,新竹縣竹東鎮至善路51號,體適能中心/健身房單次或小時計費；實際價格依館方公告（常見全票50元/小時）,是,營運中,地址明確；收費需各館複核,公立場館；部分館別可能有試營運、時段限制或設備維護，請出發前確認。,https://zh.wikipedia.org/zh-tw/臺灣國民運動中心列表,保留：有明確單次入場、分鐘計費或公立體適能小時計費；非大型合約主力品牌
92,2026-07-07,臺中市,北區,民營計時/單次健身房,BeStart Fitness,開動體能訓練站,臺中市北區漢口路四段35號,單次入場不限時：平日08:30-17:30為80元/次；平日17:30-22:30與假日100元/次。,是,營運中,GymNomad 聚合資料，建議出發前複核,地址由公開搜尋結果補入，建議出發前複核。,https://www.gymnomadtw.com/gym/BeStartFitness,保留：有明確單次入場、分鐘計費或公立體適能小時計費；非大型合約主力品牌
93,2026-07-07,臺中市,北區,民營單次健身房,ONCE Fitness 單次健身,中清店,臺中市北區中清路一段100號2樓,單次健身50元/小時；包月/包年可選；不用綁約、免入會費,是,營運中,官方明確,官方網站主打單次健身；各店營業時間與尖離峰規則出發前可再確認。,https://once-fitness.com/; https://once-fitness.com/branch/,保留：有明確單次入場、分鐘計費或公立體適能小時計費；非大型合約主力品牌
94,2026-07-07,臺中市,北區,民營單次健身房,ONCE Fitness 單次健身,崇德旗艦店,臺中市北區崇德路一段631號2樓,單次健身50元/小時；包月/包年可選；不用綁約、免入會費,是,營運中,官方明確,官方網站主打單次健身；各店營業時間與尖離峰規則出發前可再確認。,https://once-fitness.com/; https://once-fitness.com/branch/,保留：有明確單次入場、分鐘計費或公立體適能小時計費；非大型合約主力品牌
95,2026-07-07,臺中市,北區,民營計時/單次健身房,Strong Fitness,史壯健身Strong,臺中市北區陝西路47號,單次入場100元，不限時間；月會籍599元。,是,營運中,GymNomad 聚合資料，建議出發前複核,資料取自 GymNomad 場館頁/搜尋結果；實際價格、APP開通費與營業狀態仍建議出發前確認。,https://www.gymnomadtw.com/gym/StrongFitness,保留：有明確單次入場、分鐘計費或公立體適能小時計費；非大型合約主力品牌
96,2026-07-07,臺中市,北區,公立國民運動中心,臺中市國民運動中心,北區國民運動中心,臺中市北區崇德路一段55號,體適能中心單次全票50元/60分鐘；75元/90分鐘；100元/120分鐘（北區官方費率；其他館依公告）,是,營運中,北區官方費率明確；其他館別依公告,臺中不同館別可能由不同單位營運；實際費率請依各館公告。,https://zh.wikipedia.org/zh-tw/臺灣國民運動中心列表; https://www.tndcsc.com.tw/fee.aspx; https://tndcsc.com.tw/gym.aspx,保留：有明確單次入場、分鐘計費或公立體適能小時計費；非大型合約主力品牌
97,2026-07-07,臺中市,北屯區,民營單次健身房,ONCE Fitness 單次健身,東山店,臺中市北屯區東山路一段50-18號2樓,單次健身50元/小時；包月/包年可選；不用綁約、免入會費,是,營運中,官方明確,官方網站主打單次健身；各店營業時間與尖離峰規則出發前可再確認。,https://once-fitness.com/; https://once-fitness.com/branch/,保留：有明確單次入場、分鐘計費或公立體適能小時計費；非大型合約主力品牌
98,2026-07-07,臺中市,南區,民營計時/單次健身房,中力健身 Central Power Gym,中力健身中心學府館,臺中市南區學府路135巷6號B1,單張券200元；10張1800元；50張6800元；100張9800元；單次進場不限時間，所有中力場館通用。,是,營運中,GymNomad 聚合資料，建議出發前複核,資料取自 GymNomad 場館頁/搜尋結果；實際價格、APP開通費與營業狀態仍建議出發前確認。,https://www.gymnomadtw.com/gym/CPG-SF,保留：有明確單次入場、分鐘計費或公立體適能小時計費；非大型合約主力品牌
99,2026-07-07,臺中市,南區,公立國民運動中心,臺中市國民運動中心,長春國民暨兒童運動中心,臺中市南區合作街46號/正義街99號,體適能中心單次全票50元/60分鐘；75元/90分鐘；100元/120分鐘（北區官方費率；其他館依公告）,是,營運中,北區官方費率明確；其他館別依公告,臺中不同館別可能由不同單位營運；實際費率請依各館公告。,https://zh.wikipedia.org/zh-tw/臺灣國民運動中心列表; https://www.tndcsc.com.tw/fee.aspx; https://tndcsc.com.tw/gym.aspx,保留：有明確單次入場、分鐘計費或公立體適能小時計費；非大型合約主力品牌
100,2026-07-07,臺中市,南屯區,公立國民運動中心,臺中市國民運動中心,南屯國民運動中心,臺中市南屯區黎明路一段998號,體適能中心單次全票50元/60分鐘；75元/90分鐘；100元/120分鐘（北區官方費率；其他館依公告）,是,營運中,北區官方費率明確；其他館別依公告,臺中不同館別可能由不同單位營運；實際費率請依各館公告。,https://zh.wikipedia.org/zh-tw/臺灣國民運動中心列表; https://www.tndcsc.com.tw/fee.aspx; https://tndcsc.com.tw/gym.aspx,保留：有明確單次入場、分鐘計費或公立體適能小時計費；非大型合約主力品牌
101,2026-07-07,臺中市,大里區,民營計時/單次健身房,GYMneration,GYMneration 健身時代,臺中市大里區爽文路1128號,單次150元，不限時間與入場次數；月費600元。,是,營運中,GymNomad 聚合資料，建議出發前複核,資料取自 GymNomad 場館頁/搜尋結果；實際價格、APP開通費與營業狀態仍建議出發前確認。,https://www.gymnomadtw.com/gym/GYMneration,保留：有明確單次入場、分鐘計費或公立體適能小時計費；非大型合約主力品牌
102,2026-07-07,臺中市,大里區,民營單次健身房/工作室,MORE身活訓練特區,MORE Active Training Zone,台中市大里區國光路二段405-2號,單次150元不限時；另有訂閱制不綁約699/888元，設定費500元首月收取。,是,營運中,GymNomad 聚合資料，建議出發前複核,工作室/訓練特區型態；單次明確。,https://www.gymnomadtw.com/gym/MOREActieTrainingZone,保留：有明確單次入場或分鐘/小時計費；非大型合約主力品牌
103,2026-07-07,臺中市,大里區,民營單次健身房,ONCE Fitness 單次健身,仁化店,臺中市大里區仁化路585號2樓,單次健身50元/小時；包月/包年可選；不用綁約、免入會費,是,營運中,官方明確,官方網站主打單次健身；各店營業時間與尖離峰規則出發前可再確認。,https://once-fitness.com/; https://once-fitness.com/branch/,保留：有明確單次入場、分鐘計費或公立體適能小時計費；非大型合約主力品牌
104,2026-07-07,臺中市,大里區,民營計時/單次健身房,中力健身 Central Power Gym,中力健身中心大里館,臺中市大里區科技路176號,單張券200元；10張1800元；50張6800元；100張9800元；單次進場不限時間，所有中力場館通用。,是,營運中,GymNomad 聚合資料，建議出發前複核,資料取自 GymNomad 場館頁/搜尋結果；實際價格、APP開通費與營業狀態仍建議出發前確認。,https://www.gymnomadtw.com/gym/CPG-Dali,保留：有明確單次入場、分鐘計費或公立體適能小時計費；非大型合約主力品牌
105,2026-07-07,臺中市,大里區,公立國民運動中心,臺中市國民運動中心,大里國民運動中心,臺中市大里區國光路一段258號,體適能中心單次全票50元/60分鐘；75元/90分鐘；100元/120分鐘（北區官方費率；其他館依公告）,是,營運中,北區官方費率明確；其他館別依公告,臺中不同館別可能由不同單位營運；實際費率請依各館公告。,https://zh.wikipedia.org/zh-tw/臺灣國民運動中心列表; https://www.tndcsc.com.tw/fee.aspx; https://tndcsc.com.tw/gym.aspx,保留：有明確單次入場、分鐘計費或公立體適能小時計費；非大型合約主力品牌
106,2026-07-07,臺中市,太平區,民營單次健身房,ONCE Fitness 單次健身,太平店,臺中市太平區振福路599號,單次健身50元/小時；包月/包年可選；不用綁約、免入會費,是,營運中,官方明確,官方網站主打單次健身；各店營業時間與尖離峰規則出發前可再確認。,https://once-fitness.com/; https://once-fitness.com/branch/,保留：有明確單次入場、分鐘計費或公立體適能小時計費；非大型合約主力品牌
107,2026-07-07,臺中市,沙鹿區,民營單次健身房,ONCE Fitness 單次健身,沙鹿旗艦店,臺中市沙鹿區鎮南路二段358號,單次健身50元/小時；包月/包年可選；不用綁約、免入會費,是,營運中,官方明確,官方網站主打單次健身；各店營業時間與尖離峰規則出發前可再確認。,https://once-fitness.com/; https://once-fitness.com/branch/,保留：有明確單次入場、分鐘計費或公立體適能小時計費；非大型合約主力品牌
108,2026-07-07,臺中市,沙鹿區,民營單次健身房,中力健身 Central Power Gym,沙鹿館,臺中市沙鹿區北中六街139號,單張券200元；10張券1800元；50張券6800元；100張券9800元；單次進場不限時間，所有中力場館通用。,是,營運中,GymNomad 聚合資料，建議出發前複核,同品牌學府館/大里館已在舊版資料中；自由教練規則另行詢問。,https://www.gymnomadtw.com/gym/CPG-Shalu,保留：有明確單次入場或分鐘/小時計費；非大型合約主力品牌
109,2026-07-07,臺中市,潭子區,公立國民運動中心,臺中市國民運動中心,潭子國民暨兒童運動中心,臺中市潭子區勝利路140號,體適能中心單次全票50元/60分鐘；75元/90分鐘；100元/120分鐘（北區官方費率；其他館依公告）,是,營運中,北區官方費率明確；其他館別依公告,臺中不同館別可能由不同單位營運；實際費率請依各館公告。,https://zh.wikipedia.org/zh-tw/臺灣國民運動中心列表; https://www.tndcsc.com.tw/fee.aspx; https://tndcsc.com.tw/gym.aspx,保留：有明確單次入場、分鐘計費或公立體適能小時計費；非大型合約主力品牌
110,2026-07-07,臺中市,西區,民營單次健身房,BEING fit,超億門市,臺中市西區公益路126號2F,免綁約；單次計費150元（部分 LINE 門市頁顯示首小時100元、之後每半小時40元，依門市公告）,是,營運中,官方明確,官方首頁標示免綁約、單次計費；部分門市頁價格與首頁不同，以門市公告為準。,https://www.beingfit.com.tw/; https://page.line.me/rpu2461f; https://www.beingfit.com.tw/,保留：有明確單次入場、分鐘計費或公立體適能小時計費；非大型合約主力品牌
111,2026-07-07,臺中市,西區,民營計時/單次健身房,COASTLINE,科士力訓練,臺中市西區民生路195號B1,單次入場150元，不限時間；月費800元。,是,營運中,GymNomad 聚合資料，建議出發前複核,資料取自 GymNomad 場館頁/搜尋結果；實際價格、APP開通費與營業狀態仍建議出發前確認。,https://www.gymnomadtw.com/gym/COASTLINE,保留：有明確單次入場、分鐘計費或公立體適能小時計費；非大型合約主力品牌
112,2026-07-07,臺中市,西區,民營計時/單次健身房,HOUSE TRAINING Studio,好事運動工作室,臺中市西區民權路219號B1,單次入場：單日300元；月費單月1200元。,是,營運中,GymNomad 聚合資料，建議出發前複核,資料取自 GymNomad 場館頁/搜尋結果；實際價格、APP開通費與營業狀態仍建議出發前確認。,https://www.gymnomadtw.com/gym/housetraining,保留：有明確單次入場、分鐘計費或公立體適能小時計費；非大型合約主力品牌
113,2026-07-07,臺中市,西區,民營單次健身房,ONCE Fitness 單次健身,精誠店,臺中市西區精誠23街30號2樓,單次健身50元/小時；包月/包年可選；不用綁約、免入會費,是,營運中,官方明確,官方網站主打單次健身；各店營業時間與尖離峰規則出發前可再確認。,https://once-fitness.com/; https://once-fitness.com/branch/,保留：有明確單次入場、分鐘計費或公立體適能小時計費；非大型合約主力品牌
114,2026-07-07,臺中市,西區,民營計時/單次健身房,啟動健身房 Ation Fitness,啟動健身房五權館,臺中市西區五權路2-3號,單次/計時：每分鐘1元。,是,營運中,GymNomad 聚合資料，建議出發前複核,地址由 GymNomad 頁與公開店名資訊整理，建議出發前複核。,https://www.gymnomadtw.com/gym/ationfitness_wuquan,保留：有明確單次入場、分鐘計費或公立體適能小時計費；非大型合約主力品牌
115,2026-07-07,臺中市,西屯區,民營單次健身房,BEING fit,歐風門市,臺中市西屯區市政北七路175-2號2F,免綁約；單次計費150元（部分 LINE 門市頁顯示首小時100元、之後每半小時40元，依門市公告）,是,營運中,官方明確,官方首頁標示免綁約、單次計費；部分門市頁價格與首頁不同，以門市公告為準。,https://www.beingfit.com.tw/; https://page.line.me/rpu2461f; https://www.beingfit.com.tw/,保留：有明確單次入場、分鐘計費或公立體適能小時計費；非大型合約主力品牌
116,2026-07-07,臺中市,西屯區,民營單次健身房,ONCE Fitness 單次健身,東海店,臺中市西屯區福順路829號,單次健身50元/小時；包月/包年可選；不用綁約、免入會費,是,營運中,官方明確,官方網站主打單次健身；各店營業時間與尖離峰規則出發前可再確認。,https://once-fitness.com/; https://once-fitness.com/branch/,保留：有明確單次入場、分鐘計費或公立體適能小時計費；非大型合約主力品牌
117,2026-07-07,臺中市,西屯區,民營計時/單次健身房,OmegaFit,奧美伽智能健身台中福科館,臺中市西屯區福康路89號,單次：尖峰150元（17:00-22:00），其餘時段100元；以分計費：1分鐘1元。,是,營運中,GymNomad 聚合資料，建議出發前複核,資料取自 GymNomad 場館頁/搜尋結果；實際價格、APP開通費與營業狀態仍建議出發前確認。,https://www.gymnomadtw.com/gym/OmegaFit-FuKe,保留：有明確單次入場、分鐘計費或公立體適能小時計費；非大型合約主力品牌
118,2026-07-07,臺中市,西屯區,民營計時/單次健身房,啟動健身房 Ation Fitness,啟動健身房中科館,臺中市西屯區西屯路三段166-57號B1,單次/計時：每分鐘1元。,是,營運中,GymNomad 聚合資料，建議出發前複核,地址由 GymNomad 頁與公開店名資訊整理，建議出發前複核。,https://www.gymnomadtw.com/gym/ationfitness_zhongke,保留：有明確單次入場、分鐘計費或公立體適能小時計費；非大型合約主力品牌
119,2026-07-07,臺中市,西屯區,公立國民運動中心,臺中市國民運動中心,朝馬國民運動中心,臺中市西屯區朝貴路199號,體適能中心單次全票50元/60分鐘；75元/90分鐘；100元/120分鐘（北區官方費率；其他館依公告）,是,營運中,北區官方費率明確；其他館別依公告,臺中不同館別可能由不同單位營運；實際費率請依各館公告。,https://zh.wikipedia.org/zh-tw/臺灣國民運動中心列表; https://www.tndcsc.com.tw/fee.aspx; https://tndcsc.com.tw/gym.aspx,保留：有明確單次入場、分鐘計費或公立體適能小時計費；非大型合約主力品牌
120,2026-07-07,臺中市,豐原區,民營單次健身房,ONCE Fitness 單次健身,豐原旗艦店,臺中市豐原區豐勢路一段139號2樓,單次健身50元/小時；包月/包年可選；不用綁約、免入會費,是,營運中,官方明確,官方網站主打單次健身；各店營業時間與尖離峰規則出發前可再確認。,https://once-fitness.com/; https://once-fitness.com/branch/,保留：有明確單次入場、分鐘計費或公立體適能小時計費；非大型合約主力品牌
121,2026-07-07,彰化縣,和美鎮,公立國民運動中心/全民運動館,各縣市公立運動中心,和美全民運動館,彰化縣和美鎮西興路321號,體適能中心/健身房單次或小時計費；實際價格依館方公告（常見全票50元/小時）,是,營運中,地址明確；收費需各館複核,公立場館；部分館別可能有試營運、時段限制或設備維護，請出發前確認。,https://zh.wikipedia.org/zh-tw/臺灣國民運動中心列表,保留：有明確單次入場、分鐘計費或公立體適能小時計費；非大型合約主力品牌
122,2026-07-07,彰化縣,員林市,民營單次健身房,ONCE Fitness 單次健身,員林店,彰化縣員林市育英路2號,單次健身50元/小時；包月/包年可選；不用綁約、免入會費,是,營運中,官方明確,官方網站主打單次健身；各店營業時間與尖離峰規則出發前可再確認。,https://once-fitness.com/; https://once-fitness.com/branch/,保留：有明確單次入場、分鐘計費或公立體適能小時計費；非大型合約主力品牌
123,2026-07-07,彰化縣,員林市,民營計時/單次健身房,OmegaFit,奧美伽智能健身彰化員林館,彰化縣員林市員林大道一段42號,單次：尖峰150元（17:00-22:00），其餘時段100元；以分計費：1分鐘1元。,是,營運中,GymNomad 聚合資料，建議出發前複核,資料取自 GymNomad 場館頁/搜尋結果；實際價格、APP開通費與營業狀態仍建議出發前確認。,https://www.gymnomadtw.com/gym/OmegaFit-Yuanlin,保留：有明確單次入場、分鐘計費或公立體適能小時計費；非大型合約主力品牌
124,2026-07-07,彰化縣,員林市,公立國民運動中心/全民運動館,各縣市公立運動中心,彰南國民運動中心,彰化縣員林市員林大道二段235號,體適能中心/健身房單次或小時計費；實際價格依館方公告（常見全票50元/小時）,是,營運中,地址明確；收費需各館複核,公立場館；部分館別可能有試營運、時段限制或設備維護，請出發前確認。,https://zh.wikipedia.org/zh-tw/臺灣國民運動中心列表,保留：有明確單次入場、分鐘計費或公立體適能小時計費；非大型合約主力品牌
125,2026-07-07,彰化縣,彰化市,民營單次健身房,ONCE Fitness 單次健身,彰化店,彰化縣彰化市中正路二段117號,單次健身50元/小時；包月/包年可選；不用綁約、免入會費,是,營運中,官方明確,官方網站主打單次健身；各店營業時間與尖離峰規則出發前可再確認。,https://once-fitness.com/; https://once-fitness.com/branch/,保留：有明確單次入場、分鐘計費或公立體適能小時計費；非大型合約主力品牌
126,2026-07-07,彰化縣,彰化市,公立國民運動中心/全民運動館,各縣市公立運動中心,彰北國民運動中心,彰化縣彰化市建國東路2號,體適能中心/健身房單次或小時計費；實際價格依館方公告（常見全票50元/小時）,是,營運中,地址明確；收費需各館複核,公立場館；部分館別可能有試營運、時段限制或設備維護，請出發前確認。,https://zh.wikipedia.org/zh-tw/臺灣國民運動中心列表,保留：有明確單次入場、分鐘計費或公立體適能小時計費；非大型合約主力品牌
127,2026-07-07,彰化縣,溪湖鎮,民營單次健身房,ONCE Fitness 單次健身,溪湖旗艦店,彰化縣溪湖鎮民生街9號2樓,單次健身50元/小時；包月/包年可選；不用綁約、免入會費,是,營運中,官方明確,官方網站主打單次健身；各店營業時間與尖離峰規則出發前可再確認。,https://once-fitness.com/; https://once-fitness.com/branch/,保留：有明確單次入場、分鐘計費或公立體適能小時計費；非大型合約主力品牌
128,2026-07-07,彰化縣,福興鄉,民營單次健身房,ONCE Fitness 單次健身,鹿港店,彰化縣福興鄉彰鹿路七段654號2樓,單次健身50元/小時；包月/包年可選；不用綁約、免入會費,是,營運中,官方明確,官方網站主打單次健身；各店營業時間與尖離峰規則出發前可再確認。,https://once-fitness.com/; https://once-fitness.com/branch/,保留：有明確單次入場、分鐘計費或公立體適能小時計費；非大型合約主力品牌
129,2026-07-07,彰化縣,秀水鄉,民營單次健身房,ONCE Fitness 單次健身,秀水店,彰化縣秀水鄉彰水路一段22號2樓&3樓,單次健身50元/小時；包月/包年可選；不用綁約、免入會費,是,營運中,官方明確,官方網站主打單次健身；各店營業時間與尖離峰規則出發前可再確認。,https://once-fitness.com/; https://once-fitness.com/branch/,保留：有明確單次入場、分鐘計費或公立體適能小時計費；非大型合約主力品牌
130,2026-07-07,南投縣,埔里鎮,民營計時/單次健身房,Ape Strength,猿力運動空間,南投縣埔里鎮中正路633號2樓,單次入場150元不限時間；半年5000元、一年8000元。,是,營運中,GymNomad 聚合資料，建議出發前複核,資料取自 GymNomad 場館頁/搜尋結果；實際價格、APP開通費與營業狀態仍建議出發前確認。,https://www.gymnomadtw.com/gym/apestrength,保留：有明確單次入場、分鐘計費或公立體適能小時計費；非大型合約主力品牌
131,2026-07-07,南投縣,埔里鎮,民營計時/單次健身房,Hulk fitness space,浩克運動空間,南投縣埔里鎮東榮路209號,單次入場150元不限時間；月費1099元不限時間/次數。,是,營運中,GymNomad 聚合資料，建議出發前複核,資料取自 GymNomad 場館頁/搜尋結果；實際價格、APP開通費與營業狀態仍建議出發前確認。,https://www.gymnomadtw.com/gym/hulkfitness,保留：有明確單次入場、分鐘計費或公立體適能小時計費；非大型合約主力品牌
132,2026-07-07,南投縣,草屯鎮,民營單次健身房,ONCE Fitness 單次健身,草屯旗艦店,南投縣草屯鎮博愛路339號,單次健身50元/小時；包月/包年可選；不用綁約、免入會費,是,營運中,官方明確,官方網站主打單次健身；各店營業時間與尖離峰規則出發前可再確認。,https://once-fitness.com/; https://once-fitness.com/branch/,保留：有明確單次入場、分鐘計費或公立體適能小時計費；非大型合約主力品牌
133,2026-07-07,雲林縣,斗六市,民營計時/單次健身房,Abs Gym,Abs健身俱樂部,雲林縣斗六市西平路77號,單次入場200元；單周400元；單月1300元；雙月2000元。,是,營運中,GymNomad 聚合資料，建議出發前複核,資料取自 GymNomad 場館頁/搜尋結果；實際價格、APP開通費與營業狀態仍建議出發前確認。,https://www.gymnomadtw.com/gym/AbsGymDoiliu,保留：有明確單次入場、分鐘計費或公立體適能小時計費；非大型合約主力品牌
134,2026-07-07,雲林縣,斗六市,民營計時/單次健身房,OmegaFit,奧美伽智能健身雲林斗六店,雲林縣斗六市六合街61號,單次：尖峰150元（17:00-22:00），其餘時段100元；以分計費：1分鐘1元。,是,營運中,GymNomad 聚合資料，建議出發前複核,資料取自 GymNomad 場館頁/搜尋結果；實際價格、APP開通費與營業狀態仍建議出發前確認。,https://www.gymnomadtw.com/gym/OmegaFit-Douliu,保留：有明確單次入場、分鐘計費或公立體適能小時計費；非大型合約主力品牌
135,2026-07-07,雲林縣,斗六市,公立國民運動中心/全民運動館,各縣市公立運動中心,雲林國民運動中心,雲林縣斗六市莊敬路353號,體適能中心/健身房單次或小時計費；實際價格依館方公告（常見全票50元/小時）,是,營運中,地址明確；收費需各館複核,公立場館；部分館別可能有試營運、時段限制或設備維護，請出發前確認。,https://zh.wikipedia.org/zh-tw/臺灣國民運動中心列表,保留：有明確單次入場、分鐘計費或公立體適能小時計費；非大型合約主力品牌
136,2026-07-07,嘉義市,西區,民營計時/單次健身房,歐格瑪健身中心 Oghma Fitness Club,嘉義店,嘉義市康樂街107號,單次入場250元；首次五星評論優惠價200元；10次套票1800元。,是,營運中,GymNomad 聚合資料，建議出發前複核,資料取自 GymNomad 場館頁/搜尋結果；實際價格、APP開通費與營業狀態仍建議出發前確認。,https://www.gymnomadtw.com/gym/ofcchiayi,保留：有明確單次入場、分鐘計費或公立體適能小時計費；非大型合約主力品牌
137,2026-07-07,嘉義市,東區,民營計時/單次健身房,Armstrong Fitness,阿姆斯壯健身房,嘉義市東區成仁街176號,單次200元/次；打卡優惠150元/次；套票1000元/10次、2000元/21次。,是,營運中,GymNomad 聚合資料，建議出發前複核,資料取自 GymNomad 場館頁/搜尋結果；實際價格、APP開通費與營業狀態仍建議出發前確認。,https://www.gymnomadtw.com/gym/ArmstrongFitness,保留：有明確單次入場、分鐘計費或公立體適能小時計費；非大型合約主力品牌
138,2026-07-07,嘉義市,東區,公立國民運動中心/全民運動館,各縣市公立運動中心,嘉義市國民運動中心,嘉義市東區彌陀路327巷15號,體適能中心/健身房單次或小時計費；實際價格依館方公告（常見全票50元/小時）,是,營運中,地址明確；收費需各館複核,公立場館；部分館別可能有試營運、時段限制或設備維護，請出發前確認。,https://zh.wikipedia.org/zh-tw/臺灣國民運動中心列表,保留：有明確單次入場、分鐘計費或公立體適能小時計費；非大型合約主力品牌
139,2026-07-07,嘉義市,西區,民營計時/單次健身房,Rock In Fitness Studio,石中健經國店,嘉義市西區仁愛路220號,單次200元，館內不限時間；出場後再入場需重新計費。,是,營運中,GymNomad 聚合資料，建議出發前複核,資料取自 GymNomad 場館頁/搜尋結果；實際價格、APP開通費與營業狀態仍建議出發前確認。,https://www.gymnomadtw.com/gym/rockinfitness-JingGuo,保留：有明確單次入場、分鐘計費或公立體適能小時計費；非大型合約主力品牌
140,2026-07-07,嘉義縣,朴子市,民營計時/單次健身房,Helix Fitness,海力克斯運動健身中心,嘉義縣朴子市大葛里大糠榔1318號,單次入場150元；三個月會期3200元、六個月5400元、一年9700元。,是,營運中,GymNomad 聚合資料，建議出發前複核,資料取自 GymNomad 場館頁/搜尋結果；實際價格、APP開通費與營業狀態仍建議出發前確認。,https://www.gymnomadtw.com/gym/hfcy,保留：有明確單次入場、分鐘計費或公立體適能小時計費；非大型合約主力品牌
141,2026-07-07,嘉義縣,朴子市,民營計時/單次健身房,歐格瑪健身中心 Oghma Fitness Club,朴子店,嘉義縣朴子市市東路109之7號,單次入場250元；月費請聯繫洽詢。,是,營運中,GymNomad 聚合資料，建議出發前複核,資料取自 GymNomad 場館頁/搜尋結果；實際價格、APP開通費與營業狀態仍建議出發前確認。,https://www.gymnomadtw.com/gym/ofcPuzi,保留：有明確單次入場、分鐘計費或公立體適能小時計費；非大型合約主力品牌
142,2026-07-07,臺南市,中西區,公立國民運動中心,臺南市國民運動中心,永華國民運動中心,臺南市中西區中華西路二段30號,體適能中心/健身房單次或小時計費；實際價格依館方公告,是,營運中,地址明確；收費需各館複核,公立場館；出發前請以永華國民運動中心公告確認。,https://zh.wikipedia.org/zh-tw/臺灣國民運動中心列表,保留：有明確單次入場、分鐘計費或公立體適能小時計費；非大型合約主力品牌
143,2026-07-07,臺南市,善化區,民營計時/單次健身房,Fitness Base,健身肌地 Fitness Base,臺南市善化區文化路2號,單次入場260元；打卡250元；一個月1300元（2019 FB資訊）。,是,營運中,GymNomad 聚合資料，建議出發前複核,資料取自 GymNomad 場館頁/搜尋結果；實際價格、APP開通費與營業狀態仍建議出發前確認。,https://www.gymnomadtw.com/gym/fitnessbase,保留：有明確單次入場、分鐘計費或公立體適能小時計費；非大型合約主力品牌
144,2026-07-07,臺南市,東區,民營計時/單次健身房,Quality Musclebuilder,優質健身崇明館,臺南市東區崇明路589-7號,單次入場50元；單月800元。,是,營運中,GymNomad 聚合資料，建議出發前複核,資料取自 GymNomad 場館頁/搜尋結果；實際價格、APP開通費與營業狀態仍建議出發前確認。,https://www.gymnomadtw.com/gym/qm_cm,保留：有明確單次入場、分鐘計費或公立體適能小時計費；非大型合約主力品牌
145,2026-07-07,高雄市,前金區,公立運動中心,高雄市運動中心,前金運動中心,高雄市前金區大同二路61號,體適能中心/健身房單次或小時計費；實際價格依館方公告（常見全票50元/小時）,是,營運中,地址明確；收費需各館複核,高雄公立運動中心；價格與可使用時段以各館公告為準。,https://zh.wikipedia.org/zh-tw/臺灣國民運動中心列表,保留：有明確單次入場、分鐘計費或公立體適能小時計費；非大型合約主力品牌
146,2026-07-07,高雄市,前鎮區,公立運動中心,高雄市運動中心,前鎮運動中心,高雄市前鎮區班超路63號,體適能中心/健身房單次或小時計費；實際價格依館方公告（常見全票50元/小時）,是,營運中,地址明確；收費需各館複核,高雄公立運動中心；價格與可使用時段以各館公告為準。,https://zh.wikipedia.org/zh-tw/臺灣國民運動中心列表,保留：有明確單次入場、分鐘計費或公立體適能小時計費；非大型合約主力品牌
147,2026-07-07,高雄市,大寮區,公立運動中心,高雄市運動中心,大寮運動中心,高雄市大寮區進學路151號,體適能中心/健身房單次或小時計費；實際價格依館方公告（常見全票50元/小時）,是,營運中,地址明確；收費需各館複核,高雄公立運動中心；價格與可使用時段以各館公告為準。,https://zh.wikipedia.org/zh-tw/臺灣國民運動中心列表,保留：有明確單次入場、分鐘計費或公立體適能小時計費；非大型合約主力品牌
148,2026-07-07,高雄市,岡山區,公立運動中心,高雄市運動中心,岡山運動中心,高雄市岡山區中山南路169號,體適能中心/健身房單次或小時計費；實際價格依館方公告（常見全票50元/小時）,是,營運中,地址明確；收費需各館複核,高雄公立運動中心；價格與可使用時段以各館公告為準。,https://zh.wikipedia.org/zh-tw/臺灣國民運動中心列表,保留：有明確單次入場、分鐘計費或公立體適能小時計費；非大型合約主力品牌
149,2026-07-07,高雄市,左營區,民營計時/單次健身房,Muku Gym,Muku Gym慕谷健身房,高雄市左營區新庄仔路395號,會員單次100元不限時間，未滿60分鐘50元；非會員100元/時；10張票券1500元；早鳥會員單次50元。,是,營運中,GymNomad 聚合資料，建議出發前複核,資料取自 GymNomad 場館頁/搜尋結果；實際價格、APP開通費與營業狀態仍建議出發前確認。,https://www.gymnomadtw.com/gym/MukuGym,保留：有明確單次入場、分鐘計費或公立體適能小時計費；非大型合約主力品牌
150,2026-07-07,高雄市,左營區,公立運動中心,高雄市運動中心,左營運動中心,高雄市左營區世運大道100號,體適能中心/健身房單次或小時計費；實際價格依館方公告（常見全票50元/小時）,是,營運中,地址明確；收費需各館複核,高雄公立運動中心；價格與可使用時段以各館公告為準。,https://zh.wikipedia.org/zh-tw/臺灣國民運動中心列表,保留：有明確單次入場、分鐘計費或公立體適能小時計費；非大型合約主力品牌
151,2026-07-07,高雄市,楠梓區,公立運動中心,高雄市運動中心,楠仔坑運動中心,高雄市楠梓區旗楠路168號,體適能中心/健身房單次或小時計費；實際價格依館方公告（常見全票50元/小時）,是,營運中,地址明確；收費需各館複核,高雄公立運動中心；價格與可使用時段以各館公告為準。,https://zh.wikipedia.org/zh-tw/臺灣國民運動中心列表,保留：有明確單次入場、分鐘計費或公立體適能小時計費；非大型合約主力品牌
152,2026-07-07,高雄市,美濃區,公立運動中心,高雄市運動中心,美濃運動中心,高雄市美濃區中正路一段191號,體適能中心/健身房單次或小時計費；實際價格依館方公告（常見全票50元/小時）,是,營運中,地址明確；收費需各館複核,高雄公立運動中心；價格與可使用時段以各館公告為準。,https://zh.wikipedia.org/zh-tw/臺灣國民運動中心列表,保留：有明確單次入場、分鐘計費或公立體適能小時計費；非大型合約主力品牌
153,2026-07-07,高雄市,苓雅區,公立運動中心,高雄市運動中心,苓雅運動中心,高雄市苓雅區中正一路96號,體適能中心/健身房單次或小時計費；實際價格依館方公告（常見全票50元/小時）,是,營運中,地址明確；收費需各館複核,高雄公立運動中心；價格與可使用時段以各館公告為準。,https://zh.wikipedia.org/zh-tw/臺灣國民運動中心列表,保留：有明確單次入場、分鐘計費或公立體適能小時計費；非大型合約主力品牌
154,2026-07-07,高雄市,鳳山區,民營計時/單次健身房,Rocks Gym,洛克健身,高雄市鳳山區維新路126號,單日不限次數與時間300元；打卡分享半價；月費1300元不綁約。,是,營運中,GymNomad 聚合資料，建議出發前複核,資料取自 GymNomad 場館頁/搜尋結果；實際價格、APP開通費與營業狀態仍建議出發前確認。,https://www.gymnomadtw.com/gym/RocksGym,保留：有明確單次入場、分鐘計費或公立體適能小時計費；非大型合約主力品牌
155,2026-07-07,高雄市,鳳山區,公立運動中心,高雄市運動中心,鳳山國民運動中心,高雄市鳳山區光華路68號,體適能中心/健身房單次或小時計費；實際價格依館方公告（常見全票50元/小時）,是,營運中,地址明確；收費需各館複核,高雄公立運動中心；價格與可使用時段以各館公告為準。,https://zh.wikipedia.org/zh-tw/臺灣國民運動中心列表,保留：有明確單次入場、分鐘計費或公立體適能小時計費；非大型合約主力品牌
156,2026-07-07,高雄市,鳳山區,公立國民運動中心/全民運動館,鳳山運動園區,鳳山運動園區,高雄市鳳山區光華路68號,健身房單次50元/時。,是,營運中,GymNomad 聚合資料，建議出發前複核,公營/運動中心類場館，單次小時計費。,https://www.gymnomadtw.com/gym/FengshanSportsPark,保留：有明確單次入場、分鐘計費或公立體適能小時計費；非大型合約主力品牌
157,2026-07-07,高雄市,鹽埕區,公立運動中心,高雄市運動中心,鹽埕運動中心,高雄市鹽埕區新樂街46號,體適能中心/健身房單次或小時計費；實際價格依館方公告（常見全票50元/小時）,是,營運中,地址明確；收費需各館複核,高雄公立運動中心；價格與可使用時段以各館公告為準。,https://zh.wikipedia.org/zh-tw/臺灣國民運動中心列表,保留：有明確單次入場、分鐘計費或公立體適能小時計費；非大型合約主力品牌
158,2026-07-07,高雄市,鼓山區,公立運動中心,高雄市運動中心,鼓山運動中心,高雄市鼓山區桃子園路1號,體適能中心/健身房單次或小時計費；實際價格依館方公告（常見全票50元/小時）,是,營運中,地址明確；收費需各館複核,高雄公立運動中心；價格與可使用時段以各館公告為準。,https://zh.wikipedia.org/zh-tw/臺灣國民運動中心列表,保留：有明確單次入場、分鐘計費或公立體適能小時計費；非大型合約主力品牌
159,2026-07-07,屏東縣,屏東市,公立國民運動中心/全民運動館,各縣市公立運動中心,屏東市國民運動中心,屏東縣屏東市勝利東路50號,體適能中心/健身房單次或小時計費；實際價格依館方公告（常見全票50元/小時）,是,營運中,地址明確；收費需各館複核,公立場館；部分館別可能有試營運、時段限制或設備維護，請出發前確認。,https://zh.wikipedia.org/zh-tw/臺灣國民運動中心列表,保留：有明確單次入場、分鐘計費或公立體適能小時計費；非大型合約主力品牌
160,2026-07-07,宜蘭縣,宜蘭市,公立國民運動中心/全民運動館,各縣市公立運動中心,宜蘭國民運動中心,宜蘭縣宜蘭市公園路66號,體適能中心/健身房單次或小時計費；實際價格依館方公告（常見全票50元/小時）,是,營運中,地址明確；收費需各館複核,公立場館；部分館別可能有試營運、時段限制或設備維護，請出發前確認。,https://zh.wikipedia.org/zh-tw/臺灣國民運動中心列表,保留：有明確單次入場、分鐘計費或公立體適能小時計費；非大型合約主力品牌
161,2026-07-07,花蓮縣,吉安鄉,民營計時/單次健身房,Lifting Tribes,体能部落,花蓮縣吉安鄉吉安路一段252-1號,自主訓練平日15:00-17:30，2小時30分鐘200元；請先向粉絲頁詢問是否正常營業。,是,營運中,GymNomad 聚合資料，建議出發前複核,資料取自 GymNomad 場館頁/搜尋結果；實際價格、APP開通費與營業狀態仍建議出發前確認。,https://www.gymnomadtw.com/gym/LiftingTribes,保留：有明確單次入場、分鐘計費或公立體適能小時計費；非大型合約主力品牌
162,2026-07-07,花蓮縣,花蓮市,民營計時/單次健身房,Sunshine Fitness,陽光健身中心花蓮館,花蓮縣花蓮市國聯二路39號,單次入場150元；31天月費男980元/女880元。,是,營運中,GymNomad 聚合資料，建議出發前複核,資料取自 GymNomad 場館頁/搜尋結果；實際價格、APP開通費與營業狀態仍建議出發前確認。,https://www.gymnomadtw.com/gym/SunshineFitness,保留：有明確單次入場、分鐘計費或公立體適能小時計費；非大型合約主力品牌
